Profile Name,Start Time,Duration,Attributes,Title,Supplemental Video Type,Device Type,Bookmark,Latest Bookmark,Country
Karen,2023-02-17 17:56:27,00:00:11,,Season 4 Part 2 Trailer: You,TRAILER,Android DefaultWidevineL3Phone Android Phone,00:00:10,00:00:10,KE (Kenya)
Karen,2023-02-17 17:46:50,00:05:52,,The Umbrella Academy: Season 2: Right Back Where We Started (Episode 1),,Android DefaultWidevineL3Phone Android Phone,00:08:16,00:08:16,KE (Kenya)
Karen,2023-02-17 17:15:17,00:03:41,,The Umbrella Academy: Season 1: Changes (Episode 9),,Android DefaultWidevineL3Phone Android Phone,00:42:33,00:42:33,KE (Kenya)
Karen,2023-02-17 10:24:39,00:24:25,,The Umbrella Academy: Season 1: Changes (Episode 9),,Android DefaultWidevineL3Phone Android Phone,00:35:33,Not latest view,KE (Kenya)
Karen,2023-02-15 19:10:34,00:03:59,,The Umbrella Academy: Season 1: The Day That Wasn't (Episode 6),,Android DefaultWidevineL3Phone Android Phone,00:31:04,00:31:04,KE (Kenya)
Karen,2023-02-13 22:10:08,00:00:07,,Lupin: Part 2 (VCEE) CUF trailer,TRAILER,Android DefaultWidevineL3Phone Android Phone,00:00:07,00:00:07,KE (Kenya)
Karen,2023-02-12 14:57:32,00:00:14,,Season 2 Supporting Character Clip 2: The Upshaws,HOOK,Android DefaultWidevineL3Phone Android Phone,00:00:13,00:00:13,KE (Kenya)
Karen,2023-02-07 07:33:14,00:29:13,,The Umbrella Academy: Season 1: Number Five (Episode 5),,Android DefaultWidevineL3Phone Android Phone,00:58:14,00:58:14,KE (Kenya)
Karen,2023-02-07 03:08:11,00:09:31,,The Umbrella Academy: Season 1: Number Five (Episode 5),,Android DefaultWidevineL3Phone Android Phone,00:21:54,Not latest view,KE (Kenya)
Karen,2023-02-06 20:35:48,00:05:54,,The Umbrella Academy: Season 1: Number Five (Episode 5),,Android DefaultWidevineL3Phone Android Phone,00:08:15,Not latest view,KE (Kenya)
Karen,2023-02-05 17:36:43,00:05:39,,Love Alarm: Season 1: Your Heart Is Safe Now (Episode 6),,Android DefaultWidevineL3Phone Android Phone,00:45:55,00:45:55,KE (Kenya)
Karen,2023-02-04 10:14:45,00:09:43,,Love Alarm: Season 1: Your Heart Is Safe Now (Episode 6),,Android DefaultWidevineL3Phone Android Phone,00:12:28,Not latest view,KE (Kenya)
Karen,2023-02-04 09:41:14,00:20:33,,Love Alarm: Season 1: The Gravity of Liking Someone (Episode 5),,Android DefaultWidevineL3Phone Android Phone,00:48:06,00:48:06,KE (Kenya)
Karen,2023-02-04 09:00:09,00:04:50,,Love Alarm: Season 1: The Best Feeling in the World Is Knowing There’s Someone on My Side (Episode 4),,Android DefaultWidevineL3Phone Android Phone,00:44:51,00:44:51,KE (Kenya)
Karen,2023-02-04 08:12:38,00:10:35,,Love Alarm: Season 1: The Miracle of Two People Liking Each Other (Episode 3),,Android DefaultWidevineL3Phone Android Phone,00:46:04,00:46:04,KE (Kenya)
Karen,2023-02-03 21:33:11,00:12:37,,Love Alarm: Season 1: There’s Nothing Anyone Can Do When You Like Someone (Episode 2),,Android DefaultWidevineL3Phone Android Phone,00:47:10,00:47:10,KE (Kenya)
Karen,2023-02-03 19:46:32,00:04:34,,Me Time,,Android DefaultWidevineL3Phone Android Phone,01:34:28,01:34:28,KE (Kenya)
Karen,2023-02-02 20:47:16,00:19:49,,Me Time,,Android DefaultWidevineL3Phone Android Phone,00:18:24,Not latest view,KE (Kenya)
Karen,2023-02-02 20:22:56,00:00:23,,13 Hours: The Secret Soldiers of Benghazi_hook_primary_16x9,HOOK,Android DefaultWidevineL3Phone Android Phone,00:00:23,00:00:23,KE (Kenya)
Karen,2023-02-01 21:45:22,00:05:51,,Love Alarm: Season 1: There’s Nothing Anyone Can Do When You Like Someone (Episode 2),,Android DefaultWidevineL3Phone Android Phone,00:09:25,Not latest view,KE (Kenya)
Karen,2023-02-01 16:42:34,00:22:51,,Love Alarm: Season 1: The Flash of Lightning Before It Thunders (Episode 1),,Android DefaultWidevineL3Phone Android Phone,00:52:05,00:52:05,KE (Kenya)
Karen,2023-02-01 11:28:07,00:41:35,,"Nevertheless,: Season 1: I Know It's Over. Nevertheless, (Episode 9)",,Android DefaultWidevineL3Phone Android Phone,01:07:32,01:07:32,KE (Kenya)
Karen,2023-02-01 09:56:15,00:22:55,,"Nevertheless,: Season 1: I Know It's a Lie. Nevertheless, (Episode 8)",,Android DefaultWidevineL3Phone Android Phone,01:04:08,01:04:08,KE (Kenya)
Karen,2023-02-01 07:36:36,00:11:04,,"Nevertheless,: Season 1: I Know It's a Lie. Nevertheless, (Episode 8)",,Android DefaultWidevineL3Phone Android Phone,00:23:43,Not latest view,KE (Kenya)
Karen,2023-02-01 06:32:50,00:07:11,,"Nevertheless,: Season 1: I Know There's No Turning Back. Nevertheless, (Episode 7)",,Android DefaultWidevineL3Phone Android Phone,00:12:32,00:12:32,KE (Kenya)
Karen,2023-02-01 05:29:26,00:00:42,,Love Alarm: Season 1 (Hook 3),HOOK,Android DefaultWidevineL3Phone Android Phone,00:00:42,00:00:42,KE (Kenya)
Karen,2023-01-31 21:11:02,00:22:46,,"Nevertheless,: Season 1: I Know Nothing Will Change. Nevertheless, (Episode 5)",,Android DefaultWidevineL3Phone Android Phone,01:09:25,01:09:25,KE (Kenya)
Karen,2023-01-31 06:28:47,00:05:13,,"Nevertheless,: Season 1: I Know Nothing Will Change. Nevertheless, (Episode 5)",,Android DefaultWidevineL3Phone Android Phone,00:40:57,Not latest view,KE (Kenya)
Karen,2023-01-31 01:55:06,00:12:15,,"Nevertheless,: Season 1: I Know Nothing Will Change. Nevertheless, (Episode 5)",,Android DefaultWidevineL3Phone Android Phone,00:35:49,Not latest view,KE (Kenya)
Karen,2023-01-30 21:30:30,00:02:05,,"Nevertheless,: Season 1: I Know It Isn’t Love. Nevertheless, (Episode 4)",,Android DefaultWidevineL3Phone Android Phone,01:13:29,01:13:29,KE (Kenya)
Karen,2023-01-30 20:30:24,00:54:30,,"Nevertheless,: Season 1: I Know It Isn’t Love. Nevertheless, (Episode 4)",,Android DefaultWidevineL3Phone Android Phone,01:11:24,Not latest view,KE (Kenya)
Karen,2023-01-30 20:06:13,00:03:51,,"Nevertheless,: Season 1: It Has Already Begun. Nevertheless, (Episode 3)",,Android DefaultWidevineL3Phone Android Phone,01:13:33,01:13:33,KE (Kenya)
Karen,2023-01-30 19:12:03,00:22:32,,"Nevertheless,: Season 1: It Has Already Begun. Nevertheless, (Episode 3)",,Android DefaultWidevineL3Phone Android Phone,00:51:30,Not latest view,KE (Kenya)
Karen,2023-01-30 18:45:44,00:19:25,,"Nevertheless,: Season 1: It Has Already Begun. Nevertheless, (Episode 3)",,Android DefaultWidevineL3Phone Android Phone,00:25:45,Not latest view,KE (Kenya)
Karen,2023-01-30 17:39:33,00:01:45,,"Nevertheless,: Season 1: It’s Not Only Me. Nevertheless, (Episode 2)",,Android DefaultWidevineL3Phone Android Phone,00:02:52,00:02:52,KE (Kenya)
Karen,2023-01-30 17:26:31,00:12:36,,"Nevertheless,: Season 1: There’s No Such Thing as Fate. Nevertheless, (Episode 1)",,Android DefaultWidevineL3Phone Android Phone,01:10:32,01:10:32,KE (Kenya)
Karen,2023-01-30 14:40:03,00:03:24,,"Blood, Sex & Royalty: Season 1: Boleyns For The Win (Episode 1)",,Android DefaultWidevineL3Phone Android Phone,00:03:36,00:03:36,KE (Kenya)
Karen,2023-01-30 13:56:53,00:00:18,,"Season 1 Plot Clip: Blood, Sex & Royalty",HOOK,Android DefaultWidevineL3Phone Android Phone,00:00:18,00:00:18,KE (Kenya)
Karen,2023-01-30 12:22:19,00:08:44,,My Country: The New Age: Season 1: Episode 8,,Android DefaultWidevineL3Phone Android Phone,01:13:59,01:13:59,KE (Kenya)
Karen,2023-01-30 10:23:34,00:09:05,,My Country: The New Age: Season 1: Episode 8,,Android DefaultWidevineL3Phone Android Phone,00:56:08,Not latest view,KE (Kenya)
Karen,2023-01-30 09:38:04,00:33:55,,My Country: The New Age: Season 1: Episode 8,,Android DefaultWidevineL3Phone Android Phone,00:44:50,Not latest view,KE (Kenya)
Karen,2023-01-30 08:34:18,00:00:09,,"Nevertheless,: Season 1_hook_primary_16x9",HOOK,Android DefaultWidevineL3Phone Android Phone,00:00:08,00:00:08,KE (Kenya)
Karen,2023-01-30 08:27:48,00:05:54,,My Country: The New Age: Season 1: Episode 7,,Android DefaultWidevineL3Phone Android Phone,01:13:05,01:13:05,KE (Kenya)
Karen,2023-01-30 08:03:22,00:18:50,,My Country: The New Age: Season 1: Episode 7,,Android DefaultWidevineL3Phone Android Phone,01:02:25,Not latest view,KE (Kenya)
Karen,2023-01-30 07:30:58,00:11:05,,My Country: The New Age: Season 1: Episode 7,,Android DefaultWidevineL3Phone Android Phone,00:44:04,Not latest view,KE (Kenya)
Karen,2023-01-30 07:22:42,00:00:34,,Love and Fortune: Season 1_hook_primary_16x9,HOOK,Android DefaultWidevineL3Phone Android Phone,00:00:34,00:00:34,KE (Kenya)
Karen,2023-01-30 07:20:40,00:01:32,,Season 1 Trailer: Tomorrow,TRAILER,Android DefaultWidevineL3Phone Android Phone,00:01:31,00:01:31,KE (Kenya)
Karen,2023-01-30 07:05:18,00:14:57,,My Country: The New Age: Season 1: Episode 7,,Android DefaultWidevineL3Phone Android Phone,00:30:54,Not latest view,KE (Kenya)
Karen,2023-01-30 07:02:54,00:02:04,,My Country: The New Age: Season 1: Episode 7,,Android DefaultWidevineL3Phone Android Phone,00:12:21,Not latest view,KE (Kenya)
Karen,2023-01-29 18:50:07,00:20:14,,My Country: The New Age: Season 1: Episode 6,,Android DefaultWidevineL3Phone Android Phone,01:12:22,01:12:22,KE (Kenya)
Karen,2023-01-29 04:18:06,00:13:38,,My Country: The New Age: Season 1: Episode 6,,Android DefaultWidevineL3Phone Android Phone,00:40:47,Not latest view,KE (Kenya)
Karen,2023-01-28 12:43:48,00:00:18,,기상청 사람들: Season 1_hook_02_16x9,HOOK,Android DefaultWidevineL3Phone Android Phone,00:00:17,00:00:17,KE (Kenya)
Karen,2023-01-28 12:42:10,00:00:50,,"Nevertheless,: Season 1_hook_primary_16x9",HOOK,Android DefaultWidevineL3Phone Android Phone,00:00:50,Not latest view,KE (Kenya)
Karen,2023-01-28 12:40:54,00:00:50,,Hook 4: Elite Season 4,HOOK,Android DefaultWidevineL3Phone Android Phone,00:00:50,00:00:50,KE (Kenya)
Karen,2023-01-28 12:40:25,00:00:22,,Season 1 Main Character Intro Clip: The Witcher: Blood Origin,HOOK,Android DefaultWidevineL3Phone Android Phone,00:00:22,00:00:22,KE (Kenya)
Karen,2023-01-28 12:39:21,00:00:50,,Temporada 1 Teaser: Olhar Indiscreto,TEASER_TRAILER,Android DefaultWidevineL3Phone Android Phone,00:00:50,00:00:50,KE (Kenya)
Karen,2023-01-28 12:07:48,00:27:42,,My Country: The New Age: Season 1: Episode 5,,Android DefaultWidevineL3Phone Android Phone,01:09:18,01:09:18,KE (Kenya)
Karen,2023-01-28 10:40:37,00:03:13,,My Country: The New Age: Season 1: Episode 5,,Android DefaultWidevineL3Phone Android Phone,00:03:40,Not latest view,KE (Kenya)
Karen,2023-01-27 09:30:31,00:23:57,,My Country: The New Age: Season 1: Episode 3,,Android DefaultWidevineL3Phone Android Phone,01:22:05,01:22:05,KE (Kenya)
Karen,2023-01-27 09:15:11,00:02:27,,My Country: The New Age: Season 1: Episode 3,,Android DefaultWidevineL3Phone Android Phone,00:51:22,Not latest view,KE (Kenya)
Karen,2023-01-27 07:55:20,00:14:27,,My Country: The New Age: Season 1: Episode 3,,Android DefaultWidevineL3Phone Android Phone,00:48:55,Not latest view,KE (Kenya)
Karen,2023-01-27 00:45:23,00:00:06,,My ID Is Gangnam Beauty: Season 1_hook_primary_16x9,HOOK,Android DefaultWidevineL3Phone Android Phone,00:00:06,00:00:06,KE (Kenya)
Karen,2023-01-27 00:44:27,00:00:06,,Supporting Character Clip: The King's Affection: Season 1,HOOK,Android DefaultWidevineL3Phone Android Phone,00:00:06,00:00:06,KE (Kenya)
Karen,2023-01-27 00:41:25,00:00:04,,My Country: The New Age: Season 1 (Trailer),TRAILER,Android DefaultWidevineL3Phone Android Phone,00:00:04,00:00:04,KE (Kenya)
Karen,2023-01-26 23:47:37,00:53:01,,My Country: The New Age: Season 1: Episode 2,,Android DefaultWidevineL3Phone Android Phone,01:19:10,01:19:10,KE (Kenya)
Karen,2023-01-26 22:29:58,00:25:57,,My Country: The New Age: Season 1: Episode 1,,Android DefaultWidevineL3Phone Android Phone,00:35:13,00:35:13,KE (Kenya)
Karen,2023-01-26 03:38:43,00:03:36,,Treason: Limited Series: Episode 2,,Android DefaultWidevineL3Phone Android Phone,00:15:46,00:15:46,KE (Kenya)
Karen,2023-01-24 22:01:31,00:06:22,,Treason: Limited Series: Episode 1,,Android DefaultWidevineL3Phone Android Phone,00:43:00,00:43:00,KE (Kenya)
Karen,2023-01-24 13:51:17,00:11:47,,Treason: Limited Series: Episode 1,,Android DefaultWidevineL3Phone Android Phone,00:20:18,Not latest view,KE (Kenya)
Karen,2023-01-24 13:44:32,00:03:38,,Treason: Limited Series: Episode 1,,Android DefaultWidevineL3Phone Android Phone,00:04:54,Not latest view,KE (Kenya)
Karen,2023-01-22 11:30:29,00:07:36,,Rookie Historian Goo Hae-Ryung: Season 1: Episode 18,,Android DefaultWidevineL3Phone Android Phone,01:02:34,01:02:34,KE (Kenya)
Karen,2023-01-22 05:37:57,00:38:02,,Rookie Historian Goo Hae-Ryung: Season 1: Episode 18,,Android DefaultWidevineL3Phone Android Phone,00:46:05,Not latest view,KE (Kenya)
Karen,2023-01-21 21:20:35,00:02:37,,Rookie Historian Goo Hae-Ryung: Season 1: Episode 18,,Android DefaultWidevineL3Phone Android Phone,00:04:18,Not latest view,KE (Kenya)
Karen,2023-01-21 21:13:10,00:07:14,,Rookie Historian Goo Hae-Ryung: Season 1: Episode 17,,Android DefaultWidevineL3Phone Android Phone,01:02:40,01:02:40,KE (Kenya)
Karen,2023-01-21 20:28:40,00:33:49,,Rookie Historian Goo Hae-Ryung: Season 1: Episode 17,,Android DefaultWidevineL3Phone Android Phone,00:52:25,Not latest view,KE (Kenya)
Karen,2023-01-21 09:30:44,00:00:04,,My Country: The New Age: Season 1 (Trailer),TRAILER,Android DefaultWidevineL3Phone Android Phone,00:00:04,Not latest view,KE (Kenya)
Karen,2023-01-21 08:05:36,00:20:36,,365 Days: This Day,,Android DefaultWidevineL3Phone Android Phone,01:46:27,01:46:27,KE (Kenya)
Karen,2023-01-21 07:44:32,00:03:16,,365 Days: This Day,,Android DefaultWidevineL3Phone Android Phone,01:13:19,Not latest view,KE (Kenya)
Karen,2023-01-21 07:24:38,00:12:45,,365 Days: This Day,,Android DefaultWidevineL3Phone Android Phone,01:08:54,Not latest view,KE (Kenya)
Karen,2023-01-21 07:23:35,00:00:37,,365 Days: This Day,,Android DefaultWidevineL3Phone Android Phone,00:53:15,Not latest view,KE (Kenya)
Karen,2023-01-21 07:15:52,00:02:20,,365 Days: This Day,,Android DefaultWidevineL3Phone Android Phone,00:50:37,Not latest view,KE (Kenya)
Karen,2023-01-21 06:59:33,00:06:18,,365 Days: This Day,,Android DefaultWidevineL3Phone Android Phone,00:43:09,Not latest view,KE (Kenya)
Karen,2023-01-21 06:45:27,00:10:53,,365 Days: This Day,,Android DefaultWidevineL3Phone Android Phone,00:32:45,Not latest view,KE (Kenya)
Karen,2023-01-21 00:31:44,00:00:39,,Rookie Historian Goo Hae-Ryung: Season 1: Episode 17,,Android DefaultWidevineL3Phone Android Phone,00:02:25,Not latest view,KE (Kenya)
Karen,2023-01-21 00:22:29,00:09:00,,Rookie Historian Goo Hae-Ryung: Season 1: Episode 16,,Android DefaultWidevineL3Phone Android Phone,01:02:11,01:02:11,KE (Kenya)
Karen,2023-01-20 09:33:07,00:29:19,,Rookie Historian Goo Hae-Ryung: Season 1: Episode 16,,Android DefaultWidevineL3Phone Android Phone,00:47:06,Not latest view,KE (Kenya)
Karen,2023-01-20 07:30:06,00:16:52,,Rookie Historian Goo Hae-Ryung: Season 1: Episode 16,,Android DefaultWidevineL3Phone Android Phone,00:17:33,Not latest view,KE (Kenya)
Karen,2023-01-20 07:23:43,00:06:13,,Rookie Historian Goo Hae-Ryung: Season 1: Episode 15,,Android DefaultWidevineL3Phone Android Phone,01:02:49,01:02:49,KE (Kenya)
Karen,2023-01-18 04:01:12,00:11:40,,Rookie Historian Goo Hae-Ryung: Season 1: Episode 15,,Android DefaultWidevineL3Phone Android Phone,00:56:39,Not latest view,KE (Kenya)
Karen,2023-01-17 21:41:27,00:32:49,,Rookie Historian Goo Hae-Ryung: Season 1: Episode 15,,Android DefaultWidevineL3Phone Android Phone,00:35:56,Not latest view,KE (Kenya)
Karen,2023-01-15 10:30:01,00:10:24,,Rookie Historian Goo Hae-Ryung: Season 1: Episode 6,,Android DefaultWidevineL3Phone Android Phone,00:40:43,00:40:43,KE (Kenya)
Karen,2023-01-15 09:52:18,00:15:12,,Rookie Historian Goo Hae-Ryung: Season 1: Episode 6,,Android DefaultWidevineL3Phone Android Phone,00:28:57,Not latest view,KE (Kenya)
Karen,2023-01-12 13:35:25,00:00:07,,The Old Guard_VAR2-CLIP_CHARACTER,HOOK,Android DefaultWidevineL3Phone Android Phone,00:00:07,00:00:07,KE (Kenya)
Karen,2023-01-11 23:11:31,00:10:25,,Rookie Historian Goo Hae-Ryung: Season 1: Episode 6,,Android DefaultWidevineL3Phone Android Phone,00:13:49,Not latest view,KE (Kenya)
Karen,2023-01-11 22:53:46,00:17:33,,Rookie Historian Goo Hae-Ryung: Season 1: Episode 5,,Android DefaultWidevineL3Phone Android Phone,01:02:08,01:02:08,KE (Kenya)
Karen,2023-01-11 22:53:10,00:00:09,,Rookie Historian Goo Hae-Ryung: Season 1: Episode 5,,Android DefaultWidevineL3Phone Android Phone,00:41:49,Not latest view,KE (Kenya)
Karen,2023-01-11 22:43:45,00:08:58,,Rookie Historian Goo Hae-Ryung: Season 1: Episode 5,,Android DefaultWidevineL3Phone Android Phone,00:41:47,Not latest view,KE (Kenya)
Karen,2023-01-11 19:54:23,00:01:15,,Limited Series: Villain / Antagonist Clip: Treason,HOOK,Android DefaultWidevineL3Phone Android Phone,00:01:15,00:01:15,KE (Kenya)
Karen,2023-01-11 19:53:39,00:00:10,,Main Character Intro Clip: Dirty Lines,HOOK,Android DefaultWidevineL3Phone Android Phone,00:00:10,00:00:10,KE (Kenya)
Karen,2023-01-11 19:52:16,00:00:38,,Season 2 Plot Clip: Sexify,HOOK,Android DefaultWidevineL3Phone Android Phone,00:00:37,00:00:37,KE (Kenya)
Karen,2023-01-10 21:35:11,00:06:29,,Rookie Historian Goo Hae-Ryung: Season 1: Episode 5,,Android DefaultWidevineL3Phone Android Phone,00:29:02,Not latest view,KE (Kenya)
Karen,2023-01-09 21:06:07,00:31:33,,Rookie Historian Goo Hae-Ryung: Season 1: Episode 4,,Android DefaultWidevineL3Phone Android Phone,01:04:55,01:04:55,KE (Kenya)
Karen,2023-01-08 16:55:11,00:12:43,,Far From Home: Season 1: Revelations Are Forever (Episode 5),,Android DefaultWidevineL3Phone Android Phone,00:49:53,00:49:53,KE (Kenya)
Karen,2023-01-08 16:39:49,00:05:45,,Far From Home: Season 1: Revelations Are Forever (Episode 5),,Android DefaultWidevineL3Phone Android Phone,00:09:26,Not latest view,KE (Kenya)
Karen,2023-01-07 20:53:24,00:15:18,,Far From Home: Season 1: The Dr. High Effect (Episode 3),,Android DefaultWidevineL3Phone Android Phone,00:36:12,00:36:12,KE (Kenya)
Karen,2022-12-29 19:22:03,00:02:25,,The Big 4,,Android DefaultWidevineL3Phone Android Phone,00:03:08,00:03:08,KE (Kenya)
Karen,2022-12-29 17:32:49,00:00:36,,Season 1 Teaser: Triad Princess,TEASER_TRAILER,Android DefaultWidevineL3Phone Android Phone,00:00:36,00:00:36,KE (Kenya)
Karen,2022-12-29 05:57:52,00:05:11,,Rookie Historian Goo Hae-Ryung: Season 1: Episode 1,,Android DefaultWidevineL3Phone Android Phone,00:05:27,00:05:27,KE (Kenya)
Karen,2022-12-28 21:05:37,00:21:27,,The King's Affection: Season 1: Episode 20,,Android DefaultWidevineL3Phone Android Phone,01:05:05,01:05:05,KE (Kenya)
Karen,2022-12-28 20:31:47,00:33:04,,The King's Affection: Season 1: Episode 19,,Android DefaultWidevineL3Phone Android Phone,01:03:09,01:03:09,KE (Kenya)
Karen,2022-12-27 22:24:57,00:11:12,,The King's Affection: Season 1: Episode 18,,Android DefaultWidevineL3Phone Android Phone,00:16:52,00:16:52,KE (Kenya)
Karen,2022-12-27 18:58:11,00:28:25,,The King's Affection: Season 1: Episode 17,,Android DefaultWidevineL3Phone Android Phone,01:01:39,01:01:39,KE (Kenya)
Karen,2022-12-27 11:54:56,00:12:26,,The King's Affection: Season 1: Episode 16,,Android DefaultWidevineL3Phone Android Phone,00:22:34,00:22:34,KE (Kenya)
Karen,2022-12-26 22:17:06,00:08:57,,The King's Affection: Season 1: Episode 14,,Android DefaultWidevineL3Phone Android Phone,00:11:50,00:11:50,KE (Kenya)
Karen,2022-12-26 21:14:29,00:26:07,,The King's Affection: Season 1: Episode 13,,Android DefaultWidevineL3Phone Android Phone,00:48:46,00:48:46,KE (Kenya)
Karen,2022-12-26 20:54:32,00:16:34,,The King's Affection: Season 1: Episode 12,,Android DefaultWidevineL3Phone Android Phone,01:04:07,01:04:07,KE (Kenya)
Karen,2022-12-26 20:42:31,00:09:48,,The King's Affection: Season 1: Episode 12,,Android DefaultWidevineL3Phone Android Phone,00:38:45,Not latest view,KE (Kenya)
Karen,2022-12-26 20:28:53,00:11:27,,The King's Affection: Season 1: Episode 12,,Android DefaultWidevineL3Phone Android Phone,00:22:47,Not latest view,KE (Kenya)
Karen,2022-12-26 20:23:59,00:03:59,,The King's Affection: Season 1: Episode 11,,Android DefaultWidevineL3Phone Android Phone,01:04:13,01:04:13,KE (Kenya)
Karen,2022-12-26 19:21:23,00:44:02,,The King's Affection: Season 1: Episode 11,,Android DefaultWidevineL3Phone Android Phone,00:57:33,Not latest view,KE (Kenya)
Karen,2022-12-26 16:31:06,00:17:51,,The King's Affection: Season 1: Episode 10,,Android DefaultWidevineL3Phone Android Phone,00:30:02,00:30:02,KE (Kenya)
Karen,2022-12-25 20:51:24,00:41:39,,The King's Affection: Season 1: Episode 9,,Android DefaultWidevineL3Phone Android Phone,01:03:33,01:03:33,KE (Kenya)
Karen,2022-12-25 19:45:59,00:15:35,,The King's Affection: Season 1: Episode 8,,Android DefaultWidevineL3Phone Android Phone,00:35:43,00:35:43,KE (Kenya)
Karen,2022-12-25 18:47:59,00:35:31,,The King's Affection: Season 1: Episode 7,,Android DefaultWidevineL3Phone Android Phone,01:03:06,01:03:06,KE (Kenya)
Karen,2022-12-25 18:35:02,00:00:06,,The King's Affection: Season 1: Episode 8,,Android DefaultWidevineL3Phone Android Phone,00:01:23,Not latest view,KE (Kenya)
Karen,2022-12-25 00:08:48,00:50:38,,The King's Affection: Season 1: Episode 6,,Android DefaultWidevineL3Phone Android Phone,01:03:40,01:03:40,KE (Kenya)
Karen,2022-12-24 16:29:48,00:03:04,,The King's Affection: Season 1: Episode 4,,Android DefaultWidevineL3Phone Android Phone,00:03:53,00:03:53,KE (Kenya)
Karen,2022-12-24 16:14:35,00:11:39,,The King's Affection: Season 1: Episode 3,,Android DefaultWidevineL3Phone Android Phone,01:09:38,01:09:38,KE (Kenya)
Karen,2022-12-24 15:33:40,00:40:27,,The King's Affection: Season 1: Episode 3,,Android DefaultWidevineL3Phone Android Phone,00:57:32,Not latest view,KE (Kenya)
Karen,2022-12-24 15:05:04,00:02:45,,The King's Affection: Season 1: Episode 3,,Android DefaultWidevineL3Phone Android Phone,00:05:06,Not latest view,KE (Kenya)
Karen,2022-12-24 14:23:20,00:11:52,,The King's Affection: Season 1: Episode 2,,Android DefaultWidevineL3Phone Android Phone,00:22:30,00:22:30,KE (Kenya)
Karen,2022-12-24 14:05:48,00:11:37,,The King's Affection: Season 1: Episode 1,,Android DefaultWidevineL3Phone Android Phone,00:57:46,00:57:46,KE (Kenya)
Karen,2022-12-24 11:50:33,00:44:13,,The Recruit: Season 1: I.M.F.T.B.S. (Episode 7),,Android DefaultWidevineL3Phone Android Phone,00:55:13,00:55:13,KE (Kenya)
Karen,2022-12-24 07:54:38,00:00:13,,Main Character Intro Clip: The King's Affection: Season 1,HOOK,Android DefaultWidevineL3Phone Android Phone,00:00:12,00:00:12,KE (Kenya)
Karen,2022-12-23 23:56:02,00:00:53,,Main Character Intro Clip: The King's Affection: Season 1,HOOK,Android DefaultWidevineL3Phone Android Phone,00:00:52,Not latest view,KE (Kenya)
Karen,2022-12-23 23:53:41,00:01:04,,The Recruit: Season 1: T.S.L.A.Y.P. (Episode 5),,Android DefaultWidevineL3Phone Android Phone,00:48:00,00:48:00,KE (Kenya)
Karen,2022-12-23 23:41:11,00:00:19,,Rookie Historian Goo Hae-Ryung: Season 1_hook_01_16x9,HOOK,Android DefaultWidevineL3Phone Android Phone,00:00:19,00:00:19,KE (Kenya)
Karen,2022-12-23 23:30:18,00:00:13,,Main Character Intro Clip: The King's Affection: Season 1,HOOK,Android DefaultWidevineL3Phone Android Phone,00:00:13,Not latest view,KE (Kenya)
Karen,2022-12-23 23:13:10,00:00:07,,Trailer: Disconnect: The Wedding Planner,TRAILER,Android DefaultWidevineL3Phone Android Phone,00:00:07,00:00:07,KE (Kenya)
Karen,2022-12-22 22:20:43,00:02:39,,The Recruit: Season 1: T.S.L.A.Y.P. (Episode 5),,Android DefaultWidevineL3Phone Android Phone,00:25:19,Not latest view,KE (Kenya)
Karen,2022-12-22 21:59:37,00:20:51,,The Recruit: Season 1: T.S.L.A.Y.P. (Episode 5),,Android DefaultWidevineL3Phone Android Phone,00:22:40,Not latest view,KE (Kenya)
Karen,2022-12-21 20:53:56,00:08:49,,The Recruit: Season 1: Y.D.E.K.W.Y.D. (Episode 3),,Android DefaultWidevineL3Phone Android Phone,00:51:10,00:51:10,KE (Kenya)
Karen,2022-12-20 21:28:50,00:16:50,,The Recruit: Season 1: N.L.T.S.Y.P. (Episode 2),,Android DefaultWidevineL3Phone Android Phone,00:17:54,00:17:54,KE (Kenya)
Karen,2022-12-20 20:53:10,00:02:33,,The Recruit: Season 1: I.N.A.S.I.A.L. (Episode 1),,Android DefaultWidevineL3Phone Android Phone,00:49:27,00:49:27,KE (Kenya)
Karen,2022-12-19 16:05:16,00:00:04,,Season 3 Teaser: Emily in Paris,TEASER_TRAILER,Android DefaultWidevineL3Phone Android Phone,00:00:04,00:00:04,KE (Kenya)
Karen,2022-12-18 09:43:09,00:19:47,,The Recruit: Season 1: I.N.A.S.I.A.L. (Episode 1),,Android DefaultWidevineL3Phone Android Phone,00:46:41,Not latest view,KE (Kenya)
Karen,2022-12-18 09:11:23,00:16:42,,The Recruit: Season 1: I.N.A.S.I.A.L. (Episode 1),,Android DefaultWidevineL3Phone Android Phone,00:17:13,Not latest view,KE (Kenya)
Karen,2022-12-16 20:36:05,00:00:09,,Season 1 Genre Specific Moment Clip: The Recruit,HOOK,Android DefaultWidevineL3Phone Android Phone,00:00:00,00:00:00,KE (Kenya)
Karen,2022-12-16 20:34:57,00:00:18,,Season 2 Teaser 1: Single’s Inferno,TEASER_TRAILER,Android DefaultWidevineL3Phone Android Phone,00:00:18,00:00:18,KE (Kenya)
Karen,2022-12-16 20:34:04,00:00:06,,Season 5 Act 2 Conflict Clip: Cobra Kai,HOOK,Android DefaultWidevineL3Phone Android Phone,00:00:06,00:00:06,KE (Kenya)
Karen,2022-12-15 09:29:35,00:20:22,,My Holo Love: Season 1: Episode 11,,Android DefaultWidevineL3Phone Android Phone,00:51:18,00:51:18,KE (Kenya)
Karen,2022-12-15 09:09:02,00:20:06,,My Holo Love: Season 1: Episode 10,,Android DefaultWidevineL3Phone Android Phone,00:51:23,00:51:23,KE (Kenya)
Karen,2022-12-15 01:08:45,00:02:29,,My Holo Love: Season 1: Episode 10,,Android DefaultWidevineL3Phone Android Phone,00:05:45,Not latest view,KE (Kenya)
Karen,2022-12-15 00:22:31,00:14:56,,My Holo Love: Season 1: Episode 8,,Android DefaultWidevineL3Phone Android Phone,00:48:16,00:48:16,KE (Kenya)
Karen,2022-12-13 16:27:04,00:03:37,,My Holo Love: Season 1: Episode 8,,Android DefaultWidevineL3Phone Android Phone,00:00:00,Not latest view,KE (Kenya)
Karen,2022-12-13 16:04:47,00:22:11,,My Holo Love: Season 1: Episode 7,,Android DefaultWidevineL3Phone Android Phone,00:49:44,00:49:44,KE (Kenya)
Karen,2022-12-13 13:51:52,00:08:28,,My Holo Love: Season 1: Episode 7,,Android DefaultWidevineL3Phone Android Phone,00:10:38,Not latest view,KE (Kenya)
Karen,2022-12-13 13:17:02,00:27:57,,My Holo Love: Season 1: Episode 6,,Android DefaultWidevineL3Phone Android Phone,00:54:15,00:54:15,KE (Kenya)
Karen,2022-12-13 11:59:38,00:06:52,,My Holo Love: Season 1: Episode 6,,Android DefaultWidevineL3Phone Android Phone,00:09:36,Not latest view,KE (Kenya)
Karen,2022-12-13 11:32:11,00:04:20,,My Holo Love: Season 1: Episode 5,,Android DefaultWidevineL3Phone Android Phone,00:06:53,00:06:53,KE (Kenya)
Karen,2022-12-13 10:57:11,00:34:45,,My Holo Love: Season 1: Episode 4,,Android DefaultWidevineL3Phone Android Phone,00:52:18,00:52:18,KE (Kenya)
Karen,2022-12-13 09:24:46,00:14:09,,My Holo Love: Season 1: Episode 3,,Android DefaultWidevineL3Phone Android Phone,00:26:42,00:26:42,KE (Kenya)
Karen,2022-12-13 08:35:54,00:39:03,,My Holo Love: Season 1: Episode 2,,Android DefaultWidevineL3Phone Android Phone,00:48:44,00:48:44,KE (Kenya)
Karen,2022-12-12 23:23:41,00:00:29,,MYHOLOLOVE_LS_CLIP_INCITINGINCIDENT,HOOK,Android DefaultWidevineL3Phone Android Phone,00:00:29,00:00:29,KE (Kenya)
Karen,2022-12-12 23:21:53,00:00:08,,Season 2 Teaser 2: Single’s Inferno,TRAILER,Android DefaultWidevineL3Phone Android Phone,00:00:08,00:00:08,KE (Kenya)
Karen,2022-12-12 23:21:40,00:00:04,,Season 1 Teaser: The Fabulous,TEASER_TRAILER,Android DefaultWidevineL3Phone Android Phone,00:00:04,00:00:04,KE (Kenya)
Karen,2022-12-12 23:21:13,00:00:15,,Teaser: The Big 4,TEASER_TRAILER,Android DefaultWidevineL3Phone Android Phone,00:00:15,00:00:15,KE (Kenya)
Karen,2022-12-12 23:20:56,00:00:10,,Main Character Intro Clip: Private Lesson,HOOK,Android DefaultWidevineL3Phone Android Phone,00:00:09,00:00:09,KE (Kenya)
Karen,2022-12-12 23:20:37,00:00:12,,Season 3 Trailer: Emily in Paris,TRAILER,Android DefaultWidevineL3Phone Android Phone,00:00:12,00:00:12,KE (Kenya)
Karen,2022-12-12 23:20:25,00:00:07,,Season 1 Teaser: The Witcher: Blood Origin,TEASER_TRAILER,Android DefaultWidevineL3Phone Android Phone,00:00:07,00:00:07,KE (Kenya)
Karen,2022-12-12 23:19:51,00:00:33,,Teaser: Roald Dahl's Matilda The Musical,TEASER_TRAILER,Android DefaultWidevineL3Phone Android Phone,00:00:33,00:00:33,KE (Kenya)
Karen,2022-12-12 23:19:24,00:00:25,,Season 1 Trailer: The Recruit,TRAILER,Android DefaultWidevineL3Phone Android Phone,00:00:25,00:00:25,KE (Kenya)
Karen,2022-12-12 23:19:12,00:00:10,,Season 1 Trailer: Far From Home,TRAILER,Android DefaultWidevineL3Phone Android Phone,00:00:00,00:00:00,KE (Kenya)
Karen,2022-12-11 21:02:39,00:21:05,,Extraordinary Attorney Woo: Season 1: If I Were a Whale... (Episode 6),,Android DefaultWidevineL3Phone Android Phone,01:09:09,01:09:09,KE (Kenya)
Karen,2022-12-11 16:46:46,00:16:02,,Blood & Water: Season 3: The Recruit (Episode 2),,Android DefaultWidevineL3Phone Android Phone,00:16:15,00:16:15,KE (Kenya)
Karen,2022-12-07 18:02:30,00:00:04,,Season 1 Main Character Intro Clip: 1899,HOOK,Android DefaultWidevineL3Phone Android Phone,00:00:02,00:00:02,KE (Kenya)
Karen,2022-12-06 12:42:45,00:08:29,,Never Have I Ever: Season 3: ...hooked up with my boyfriend (Episode 8),,Android DefaultWidevineL3Phone Android Phone,00:24:02,00:24:02,KE (Kenya)
Karen,2022-12-06 12:42:32,00:03:25,,Never Have I Ever: Season 3: ...cheated (Episode 7),,Android DefaultWidevineL3Phone Android Phone,00:02:58,00:02:58,KE (Kenya)
Karen,2022-12-05 19:16:31,00:20:38,,Never Have I Ever: Season 3: ...been ghosted (Episode 5),,Android DefaultWidevineL3Phone Android Phone,00:23:25,00:23:25,KE (Kenya)
Karen,2022-11-29 09:23:36,00:19:58,,Warrior Nun: Season 2: Corinthians 10:20-21 (Episode 4),,Android DefaultWidevineL3Phone Android Phone,00:24:02,00:24:02,KE (Kenya)
Karen,2022-11-29 09:08:37,00:14:51,,Warrior Nun: Season 2: Luke 8:17 (Episode 3),,Android DefaultWidevineL3Phone Android Phone,00:36:37,00:36:37,KE (Kenya)
Karen,2022-11-28 22:30:59,00:10:40,,Warrior Nun: Season 2: Colossians 3:9-10 (Episode 2),,Android DefaultWidevineL3Phone Android Phone,00:38:54,00:38:54,KE (Kenya)
Karen,2022-11-28 15:35:27,00:08:34,,Warrior Nun: Season 2: Colossians 3:9-10 (Episode 2),,Android DefaultWidevineL3Phone Android Phone,00:27:53,Not latest view,KE (Kenya)
Karen,2022-11-28 15:24:53,00:01:30,,Warrior Nun: Season 2: Colossians 3:9-10 (Episode 2),,Android DefaultWidevineL3Phone Android Phone,00:16:43,Not latest view,KE (Kenya)
Karen,2022-11-27 22:43:56,00:35:59,,Extraordinary Attorney Woo: Season 1: Wild Card VS Tactician (Episode 5),,Android DefaultWidevineL3Phone Android Phone,01:07:16,01:07:16,KE (Kenya)
Karen,2022-11-25 20:57:20,00:24:22,,Extraordinary Attorney Woo: Season 1: The Strife of the Three Brothers (Episode 4),,Android DefaultWidevineL3Phone Android Phone,01:07:44,01:07:44,KE (Kenya)
Karen,2022-11-25 20:28:34,00:00:06,,Extraordinary Attorney Woo: Season 1_hook_01_16x9,HOOK,Android DefaultWidevineL3Phone Android Phone,00:00:05,00:00:05,KE (Kenya)
Karen,2022-11-25 19:01:06,00:33:13,,Extraordinary Attorney Woo: Season 1: The Strife of the Three Brothers (Episode 4),,Android DefaultWidevineL3Phone Android Phone,00:41:48,Not latest view,KE (Kenya)
Karen,2022-11-25 11:30:08,00:02:45,,Extraordinary Attorney Woo: Season 1: The Wedding Dress That Slipped Off (Episode 2),,Android DefaultWidevineL3Phone Android Phone,01:08:48,01:08:48,KE (Kenya)
Karen,2022-11-25 10:56:51,00:00:18,,Blood & Water: Season 1 - Upper Bound Clip 11,HOOK,Android DefaultWidevineL3Phone Android Phone,00:00:18,00:00:18,KE (Kenya)
Karen,2022-11-21 22:57:22,00:00:08,,The Deep End of the Ocean_hook_primary_16x9,HOOK,Android DefaultWidevineL3Phone Android Phone,00:00:08,00:00:08,KE (Kenya)
Karen,2022-11-21 22:57:17,00:00:04,,Season 4 Teaser: Too Hot to Handle,TEASER_TRAILER,Android DefaultWidevineL3Phone Android Phone,00:00:04,00:00:04,KE (Kenya)
Karen,2022-11-21 22:57:05,00:00:07,,Trailer: The Noel Diary,TRAILER,Android DefaultWidevineL3Phone Android Phone,00:00:07,00:00:07,KE (Kenya)
Karen,2022-11-21 22:56:49,00:00:10,,Trailer: How To Ruin Christmas: The Baby Launch,TRAILER,Android DefaultWidevineL3Phone Android Phone,00:00:10,00:00:10,KE (Kenya)
Karen,2022-11-21 22:56:31,00:00:11,,Season 1 Trailer: The Recruit,TRAILER,Android DefaultWidevineL3Phone Android Phone,00:00:11,Not latest view,KE (Kenya)
Karen,2022-11-21 22:56:12,00:00:18,,Teaser 2: Lady Chatterley's Lover,TEASER_TRAILER,Android DefaultWidevineL3Phone Android Phone,00:00:18,00:00:18,KE (Kenya)
Karen,2022-11-21 22:55:58,00:00:13,,"Season 1 Main Character Intro Clip: Blood, Sex & Royalty",HOOK,Android DefaultWidevineL3Phone Android Phone,00:00:13,00:00:13,KE (Kenya)
Karen,2022-11-21 22:55:13,00:00:35,,Teaser: Troll,TEASER_TRAILER,Android DefaultWidevineL3Phone Android Phone,00:00:35,00:00:35,KE (Kenya)
Karen,2022-11-21 22:53:34,00:01:37,,Season 1 Teaser 1: Wednesday,TEASER_TRAILER,Android DefaultWidevineL3Phone Android Phone,00:01:37,00:01:37,KE (Kenya)
Karen,2022-11-21 22:53:28,00:00:05,,Season 2 Recap: Blood & Water,RECAP,Android DefaultWidevineL3Phone Android Phone,00:00:05,00:00:05,KE (Kenya)
Karen,2022-11-21 22:49:45,00:01:09,,Trailer: My Holo Love,TRAILER,Android DefaultWidevineL3Phone Android Phone,00:01:09,00:01:09,KE (Kenya)
Karen,2022-11-21 22:48:07,00:00:31,,Our Beloved Summer: Season 1_hook_primary_16x9,HOOK,Android DefaultWidevineL3Phone Android Phone,00:00:31,00:00:31,KE (Kenya)
Karen,2022-11-21 22:46:43,00:01:10,,Extraordinary Attorney Woo: Season 1_hook_primary_16x9,HOOK,Android DefaultWidevineL3Phone Android Phone,00:01:10,00:01:10,KE (Kenya)
Karen,2022-11-21 22:45:35,00:00:29,,On My Block: Season 1_hook_06_16x9,HOOK,Android DefaultWidevineL3Phone Android Phone,00:00:29,00:00:29,KE (Kenya)
Karen,2022-11-21 22:44:12,00:00:31,,OUTER BANKS_BREAKOUT-TALENT_SIZZLE_CHASE_MADDIE,TRAILER,Android DefaultWidevineL3Phone Android Phone,00:00:30,00:00:30,KE (Kenya)
Karen,2022-11-21 22:42:42,00:01:06,,Season 1 Plot Clip: 1899,HOOK,Android DefaultWidevineL3Phone Android Phone,00:01:06,00:01:06,KE (Kenya)
Karen,2022-11-20 18:54:48,00:00:05,,Surviving Summer: Season 1: Training Day (Episode 3),,Android DefaultWidevineL3Phone Android Phone,00:20:12,00:20:12,KE (Kenya)
Karen,2022-11-14 13:57:51,00:00:23,,Season 2 Main Character Intro Clip: Warrior Nun,HOOK,Android DefaultWidevineL3Phone Android Phone,00:00:22,00:00:22,KE (Kenya)
Karen,2022-11-12 17:04:47,00:00:08,,Season 3 Trailer: Blood & Water,TRAILER,Android DefaultWidevineL3Phone Android Phone,00:00:00,00:00:00,KE (Kenya)
Karen,2022-11-11 21:42:00,00:44:13,,Do Revenge,,Android DefaultWidevineL3Phone Android Phone,00:47:37,00:47:37,KE (Kenya)
Karen,2022-11-06 12:41:23,00:00:18,,Season 2 Direct Lift Hook 5: Never Have I Ever,HOOK,Android DefaultWidevineL3Phone Android Phone,00:00:18,00:00:18,KE (Kenya)
Karen,2022-11-06 10:40:42,00:00:29,,Season 5 Act 2 Conflict Clip: Cobra Kai,HOOK,Android DefaultWidevineL3Phone Android Phone,00:00:29,Not latest view,KE (Kenya)
Karen,2022-11-06 10:38:59,00:00:46,,Season 3 Moment of High Emotion Clip: Summertime,HOOK,Android DefaultWidevineL3Phone Android Phone,00:00:46,00:00:46,KE (Kenya)
Karen,2022-11-06 10:38:17,00:00:27,,Season 1 Trailer: Get Even,TRAILER,Android DefaultWidevineL3Phone Android Phone,00:00:27,00:00:27,KE (Kenya)
Karen,2022-11-06 10:36:10,00:01:23,,Control Z: Season 1 - Upper Bound Clip 7,HOOK,Android DefaultWidevineL3Phone Android Phone,00:01:23,00:01:23,KE (Kenya)
Karen,2022-11-06 10:35:27,00:00:22,,Season 1 Supporting Character Clip: DI4RIES,HOOK,Android DefaultWidevineL3Phone Android Phone,00:00:14,00:00:14,KE (Kenya)
Karen,2022-11-06 10:33:06,00:01:37,,Atypical TextInTrailer_Control,TRAILER,Android DefaultWidevineL3Phone Android Phone,00:01:37,00:01:37,KE (Kenya)
Karen,2022-11-06 10:32:21,00:00:07,,MISMATCHED_S1_CLIP_VILLAIN,HOOK,Android DefaultWidevineL3Phone Android Phone,00:00:07,00:00:07,KE (Kenya)
Karen,2022-11-06 10:32:00,00:00:06,,Outer Banks_BREAKOUT-TALENT_DIRECT_LIFT_CHASE_STROKES,HOOK,Android DefaultWidevineL3Phone Android Phone,00:00:06,00:00:06,KE (Kenya)
Karen,2022-11-06 10:31:04,00:00:39,,Season 1 Upper Bound Clip 3: Heartbreak High (Remake),HOOK,Android DefaultWidevineL3Phone Android Phone,00:00:39,00:00:39,KE (Kenya)
Karen,2022-11-06 10:30:36,00:00:10,,Season 1 Trailer: Young Royals,TRAILER,Android DefaultWidevineL3Phone Android Phone,00:00:09,00:00:09,KE (Kenya)
Karen,2022-11-06 10:29:26,00:00:51,,Season 1 Main Character Intro Clip: Surviving Summer,HOOK,Android DefaultWidevineL3Phone Android Phone,00:00:51,00:00:51,KE (Kenya)
Karen,2022-11-06 10:27:08,00:00:22,,"Nevertheless,: Season 1_hook_primary_16x9",HOOK,Android DefaultWidevineL3Phone Android Phone,00:00:22,Not latest view,KE (Kenya)
Karen,2022-11-06 10:26:30,00:00:09,,The Blacklist: Season 1_hook_primary_16x9,HOOK,Android DefaultWidevineL3Phone Android Phone,00:00:09,00:00:09,KE (Kenya)
Karen,2022-11-06 10:25:40,00:00:45,,Season 3 Teaser: Blood & Water,TEASER_TRAILER,Android DefaultWidevineL3Phone Android Phone,00:00:45,00:00:45,KE (Kenya)
Karen,2022-11-06 10:25:03,00:00:36,,Season 2 Trailer: Warrior Nun,TRAILER,Android DefaultWidevineL3Phone Android Phone,00:00:36,00:00:36,KE (Kenya)
Karen,2022-11-06 10:24:49,00:00:10,,Season 5 Trailer: The Crown,TRAILER,Android DefaultWidevineL3Phone Android Phone,00:00:00,00:00:00,KE (Kenya)
Karen,2022-11-06 10:23:30,00:00:08,,Teaser 1: The Next 365 Days,TEASER_TRAILER,Android DefaultWidevineL3Phone Android Phone,00:00:08,00:00:08,KE (Kenya)
Karen,2022-11-06 10:22:59,00:00:02,,CoComelon: Season 6: Fun with Family and Friends (Episode 1),,Android DefaultWidevineL3Phone Android Phone,00:00:14,00:00:14,KE (Kenya)
Netflix Member,2022-12-06 12:43:16,00:13:46,,Never Have I Ever: Season 3: ...lived the dream (Episode 10),,Android DefaultWidevineL3Phone Android Phone,00:25:57,00:25:57,KE (Kenya)
Netflix Member,2022-12-06 12:43:02,00:08:18,,Never Have I Ever: Season 3: …had an Indian boyfriend (Episode 9),,Android DefaultWidevineL3Phone Android Phone,00:09:09,00:09:09,KE (Kenya)
Netflix Member,2022-11-16 06:18:30,00:05:53,,Surviving Summer: Season 1: Exile (Episode 1),,Android DefaultWidevineL3Phone Android Phone,00:22:48,00:22:48,KE (Kenya)
Netflix Member,2022-11-15 22:10:40,00:06:58,,Surviving Summer: Season 1: Exile (Episode 1),,Android DefaultWidevineL3Phone Android Phone,00:15:39,Not latest view,KE (Kenya)
Netflix Member,2022-05-17 06:09:43,00:09:45,,Triple Frontier,,Android DefaultWidevineL3Phone Android Phone,00:43:14,00:43:14,KE (Kenya)
Netflix Member,2022-05-17 06:01:40,00:07:48,,The Protector: Season 3: Episode 1,,Android DefaultWidevineL3Phone Android Phone,00:11:43,00:11:43,KE (Kenya)
Netflix Member,2022-05-14 23:01:56,00:00:12,,Wu Assassins: Asian American Diner (Rich Hook),HOOK,Android DefaultWidevineL3Phone Android Phone,00:00:12,00:00:12,KE (Kenya)
Netflix Member,2022-05-14 22:41:26,00:19:48,,Wu Assassins: Season 1: Paths: Part 2 (Episode 10),,Android DefaultWidevineL3Phone Android Phone,00:45:27,00:45:27,KE (Kenya)
Netflix Member,2022-05-14 22:30:52,00:10:19,,Wu Assassins: Season 1: Paths: Part 1 (Episode 9),,Android DefaultWidevineL3Phone Android Phone,00:37:33,00:37:33,KE (Kenya)
Netflix Member,2022-05-14 22:15:46,00:09:56,,Wu Assassins: Season 1: Paths: Part 1 (Episode 9),,Android DefaultWidevineL3Phone Android Phone,00:11:55,Not latest view,KE (Kenya)
Netflix Member,2022-05-14 15:06:04,00:00:01,,Wu Assassins: Season 1: Paths: Part 1 (Episode 9),,Android DefaultWidevineL3Phone Android Phone,00:00:01,Not latest view,KE (Kenya)
Netflix Member,2022-05-14 08:27:03,00:16:14,,Wu Assassins: Season 1: Codladh Sámh (Episode 5),,Android DefaultWidevineL3Phone Android Phone,00:46:01,00:46:01,KE (Kenya)
Netflix Member,2022-05-14 02:23:58,00:00:02,,Wu Assassins: Season 1: Codladh Sámh (Episode 5),,Android DefaultWidevineL3Phone Android Phone,00:00:02,Not latest view,KE (Kenya)
Netflix Member,2022-05-14 01:52:31,00:31:19,,Wu Assassins: Season 1: A Twisting Snake (Episode 4),,Android DefaultWidevineL3Phone Android Phone,00:39:40,00:39:40,KE (Kenya)
Netflix Member,2022-05-14 01:09:33,00:42:56,,Wu Assassins: Season 1: Fire Chicken (Episode 3),,Android DefaultWidevineL3Phone Android Phone,00:44:21,00:44:21,KE (Kenya)
Netflix Member,2022-05-14 00:51:18,00:18:14,,Wu Assassins: Season 1: Misspent Youth (Episode 2),,Android DefaultWidevineL3Phone Android Phone,00:39:17,00:39:17,KE (Kenya)
Netflix Member,2022-05-14 00:40:02,00:07:17,,Wu Assassins: Season 1: Misspent Youth (Episode 2),,Android DefaultWidevineL3Phone Android Phone,00:21:06,Not latest view,KE (Kenya)
Netflix Member,2022-05-13 18:34:45,00:19:54,,Emily in Paris: Season 2: Bon Anniversaire! (Episode 3),,Android DefaultWidevineL3Phone Android Phone,00:24:59,00:24:59,KE (Kenya)
Netflix Member,2022-05-13 17:48:31,00:02:14,,Emily in Paris: Season 2: Bon Anniversaire! (Episode 3),,Android DefaultWidevineL3Phone Android Phone,00:02:20,Not latest view,KE (Kenya)
Netflix Member,2022-05-12 20:17:01,00:35:01,,Wu Assassins: Season 1: Drunken Watermelon (Episode 1),,Android DefaultWidevineL3Phone Android Phone,00:41:27,00:41:27,KE (Kenya)
Netflix Member,2022-05-12 20:16:40,00:00:06,,Emily in Paris: Season 2: Bon Anniversaire! (Episode 3),,Android DefaultWidevineL3Phone Android Phone,00:00:07,Not latest view,KE (Kenya)
Netflix Member,2022-05-09 11:42:21,00:17:23,,Emily in Paris: Season 1: An American Auction in Paris (Episode 9),,Android DefaultWidevineL3Phone Android Phone,00:22:08,00:22:08,KE (Kenya)
Netflix Member,2022-05-09 10:40:14,00:20:25,,Emily in Paris: Season 1: Ringarde (Episode 6),,Android DefaultWidevineL3Phone Android Phone,00:27:37,00:27:37,KE (Kenya)
Netflix Member,2022-05-09 05:36:01,00:06:26,,Emily in Paris: Season 1: Faux Amis (Episode 5),,Android DefaultWidevineL3Phone Android Phone,00:06:36,00:06:36,KE (Kenya)
Netflix Member,2022-05-09 05:21:24,00:14:25,,Emily in Paris: Season 1: A Kiss Is Just a Kiss (Episode 4),,Android DefaultWidevineL3Phone Android Phone,00:25:14,00:25:14,KE (Kenya)
Netflix Member,2022-05-09 00:01:14,00:26:12,,Emily in Paris: Season 1: Sexy or Sexist (Episode 3),,Android DefaultWidevineL3Phone Android Phone,00:24:36,00:24:36,KE (Kenya)
Netflix Member,2022-05-08 23:50:40,00:10:20,,Emily in Paris: Season 1: Masculin Féminin (Episode 2),,Android DefaultWidevineL3Phone Android Phone,00:24:47,00:24:47,KE (Kenya)
Netflix Member,2022-05-08 20:37:27,00:00:03,,365 Days: This Day,,Android DefaultWidevineL3Phone Android Phone,00:00:01,00:00:01,KE (Kenya)
Netflix Member,2022-05-06 23:26:18,01:07:00,,#realityhigh,,Android DefaultWidevineL3Phone Android Phone,01:33:42,01:33:42,KE (Kenya)
Netflix Member,2022-05-05 08:50:44,00:12:42,,Emily in Paris: Season 1: Masculin Féminin (Episode 2),,Android DefaultWidevineL3Phone Android Phone,00:00:00,Not latest view,KE (Kenya)
Netflix Member,2022-05-05 08:26:43,00:23:56,,Emily in Paris: Season 1: Emily in Paris (Episode 1),,Android DefaultWidevineL3Phone Android Phone,00:28:49,00:28:49,KE (Kenya)
Netflix Member,2022-05-05 08:19:32,00:06:47,,The Protector: Season 2: Episode 8,,Android DefaultWidevineL3Phone Android Phone,00:09:05,00:09:05,KE (Kenya)
Netflix Member,2022-05-05 07:56:57,00:22:21,,The Protector: Season 2: Episode 7,,Android DefaultWidevineL3Phone Android Phone,00:45:04,00:45:04,KE (Kenya)
Netflix Member,2022-05-04 00:15:42,00:04:45,,The Protector: Season 2: Episode 7,,Android DefaultWidevineL3Phone Android Phone,00:11:22,Not latest view,KE (Kenya)
Netflix Member,2022-05-02 22:23:53,00:25:43,,The Protector: Season 2: Episode 5,,Android DefaultWidevineL3Phone Android Phone,00:41:17,00:41:17,KE (Kenya)
Netflix Member,2022-05-02 12:53:27,00:03:52,,The Protector: Season 2: Episode 4,,Android DefaultWidevineL3Phone Android Phone,00:38:27,00:38:27,KE (Kenya)
Netflix Member,2022-05-02 12:24:54,00:06:29,,The Protector: Season 2: Episode 4,,Android DefaultWidevineL3Phone Android Phone,00:24:19,Not latest view,KE (Kenya)
Netflix Member,2022-05-02 11:25:43,00:21:34,,The Protector: Season 2: Episode 3,,Android DefaultWidevineL3Phone Android Phone,00:38:29,00:38:29,KE (Kenya)
Netflix Member,2022-04-30 22:19:53,00:12:56,,The Protector: Season 1: Episode 9,,Android DefaultWidevineL3Phone Android Phone,00:14:12,00:14:12,KE (Kenya)
Netflix Member,2022-04-30 22:06:03,00:13:47,,The Protector: Season 1: Episode 8,,Android DefaultWidevineL3Phone Android Phone,00:38:44,00:38:44,KE (Kenya)
Netflix Member,2022-04-30 13:53:21,00:05:09,,The Outsider,,Android DefaultWidevineL3Phone Android Phone,00:36:59,00:36:59,KE (Kenya)
Netflix Member,2022-04-30 13:32:14,00:20:44,,The Protector: Season 1: Episode 8,,Android DefaultWidevineL3Phone Android Phone,00:23:17,Not latest view,KE (Kenya)
Netflix Member,2022-04-30 13:01:04,00:30:41,,The Protector: Season 1: Episode 7,,Android DefaultWidevineL3Phone Android Phone,00:38:41,00:38:41,KE (Kenya)
Netflix Member,2022-04-29 20:36:48,00:25:53,,The Protector: Season 1: Episode 6,,Android DefaultWidevineL3Phone Android Phone,00:35:28,00:35:28,KE (Kenya)
Netflix Member,2022-04-29 15:22:22,00:20:12,,The Protector: Season 1: Episode 5,,Android DefaultWidevineL3Phone Android Phone,00:42:49,00:42:49,KE (Kenya)
Netflix Member,2022-04-29 13:37:09,00:07:46,,The Protector: Season 1: Episode 5,,Android DefaultWidevineL3Phone Android Phone,00:13:11,Not latest view,KE (Kenya)
Netflix Member,2022-04-29 13:33:52,00:03:06,,The Protector: Season 1: Episode 5,,Android DefaultWidevineL3Phone Android Phone,00:03:54,Not latest view,KE (Kenya)
Netflix Member,2022-04-29 13:03:42,00:29:58,,The Protector: Season 1: Episode 4,,Android DefaultWidevineL3Phone Android Phone,00:42:03,00:42:03,KE (Kenya)
Netflix Member,2022-04-29 13:00:47,00:00:38,,The Outsider,,Android DefaultWidevineL3Phone Android Phone,00:00:40,Not latest view,KE (Kenya)
Netflix Member,2022-04-29 12:56:53,00:03:15,,The Protector: Season 1: Episode 4,,Android DefaultWidevineL3Phone Android Phone,00:03:39,Not latest view,KE (Kenya)
Netflix Member,2022-04-29 07:35:20,00:06:08,,The Protector: Season 1: Episode 2,,Android DefaultWidevineL3Phone Android Phone,00:30:34,00:30:34,KE (Kenya)
Netflix Member,2022-04-28 11:11:59,00:00:04,,Triple Frontier (Trailer),TRAILER,Android DefaultWidevineL3Phone Android Phone,00:00:03,00:00:03,KE (Kenya)
Netflix Member,2022-04-28 09:01:19,00:00:10,,Teaser: 365 Days: This Day,TEASER_TRAILER,Android DefaultWidevineL3Phone Android Phone,00:00:05,00:00:05,KE (Kenya)
Netflix Member,2022-04-28 07:14:11,00:02:29,,In From the Cold: Season 1: An Old Friend (Episode 5),,Android DefaultWidevineL3Phone Android Phone,00:44:50,00:44:50,KE (Kenya)
Netflix Member,2022-04-28 06:58:42,00:09:55,,In From the Cold: Season 1: An Old Friend (Episode 5),,Android DefaultWidevineL3Phone Android Phone,00:40:08,Not latest view,KE (Kenya)
Netflix Member,2022-04-28 06:58:35,00:00:02,,In From the Cold: Season 1: The Family (Episode 4),,Android DefaultWidevineL3Phone Android Phone,00:43:03,00:43:03,KE (Kenya)
Netflix Member,2022-04-28 06:50:24,00:00:31,,In From the Cold: Season 1: An Old Friend (Episode 5),,Android DefaultWidevineL3Phone Android Phone,00:23:34,Not latest view,KE (Kenya)
Netflix Member,2022-04-28 06:50:09,00:00:05,,In From the Cold: Season 1: The Family (Episode 4),,Android DefaultWidevineL3Phone Android Phone,00:42:54,Not latest view,KE (Kenya)
Netflix Member,2022-04-26 11:14:44,00:07:19,,In From the Cold: Season 1: The Family (Episode 4),,Android DefaultWidevineL3Phone Android Phone,00:15:13,Not latest view,KE (Kenya)
Netflix Member,2022-04-26 10:51:45,00:20:16,,In From the Cold: Season 1: The Widow (Episode 3),,Android DefaultWidevineL3Phone Android Phone,00:49:51,00:49:51,KE (Kenya)
Netflix Member,2022-04-26 09:42:04,00:18:24,,In From the Cold: Season 1: The Widow (Episode 3),,Android DefaultWidevineL3Phone Android Phone,00:26:15,Not latest view,KE (Kenya)
Netflix Member,2022-04-26 09:21:30,00:03:23,,In From the Cold: Season 1: The Widow (Episode 3),,Android DefaultWidevineL3Phone Android Phone,00:03:23,Not latest view,KE (Kenya)
Netflix Member,2022-04-26 09:15:17,00:05:20,,In From the Cold: Season 1: The Bride (Episode 2),,Android DefaultWidevineL3Phone Android Phone,00:48:02,00:48:02,KE (Kenya)
Netflix Member,2022-04-25 20:46:20,00:29:00,,In From the Cold: Season 1: The Bride (Episode 2),,Android DefaultWidevineL3Phone Android Phone,00:41:26,Not latest view,KE (Kenya)
Netflix Member,2022-04-25 20:28:30,00:17:30,,In From the Cold: Season 1: What Is Burning? (Episode 1),,Android DefaultWidevineL3Phone Android Phone,00:45:06,00:45:06,KE (Kenya)
Netflix Member,2022-04-25 20:03:15,00:21:58,,In From the Cold: Season 1: What Is Burning? (Episode 1),,Android DefaultWidevineL3Phone Android Phone,00:21:16,Not latest view,KE (Kenya)
Netflix Member,2022-04-23 22:38:51,00:01:28,,"Devotion, a Story of Love and Desire: Season 1: Episode 6",,Android DefaultWidevineL3Phone Android Phone,00:08:57,00:08:57,KE (Kenya)
Netflix Member,2022-04-23 22:25:00,00:13:22,,"Devotion, a Story of Love and Desire: Season 1: Episode 5",,Android DefaultWidevineL3Phone Android Phone,00:36:18,00:36:18,KE (Kenya)
Netflix Member,2022-04-23 22:08:06,00:14:25,,"Devotion, a Story of Love and Desire: Season 1: Episode 4",,Android DefaultWidevineL3Phone Android Phone,00:35:28,00:35:28,KE (Kenya)
Netflix Member,2022-04-23 21:53:27,00:14:15,,"Devotion, a Story of Love and Desire: Season 1: Episode 3",,Android DefaultWidevineL3Phone Android Phone,00:35:16,00:35:16,KE (Kenya)
Netflix Member,2022-04-23 21:36:00,00:16:54,,"Devotion, a Story of Love and Desire: Season 1: Episode 2",,Android DefaultWidevineL3Phone Android Phone,00:42:02,00:42:02,KE (Kenya)
Netflix Member,2022-04-23 21:20:13,00:14:24,,"Devotion, a Story of Love and Desire: Season 1: Episode 1",,Android DefaultWidevineL3Phone Android Phone,00:34:44,00:34:44,KE (Kenya)
Netflix Member,2022-04-23 21:16:12,00:03:48,,"Devotion, a Story of Love and Desire: Season 1: Episode 1",,Android DefaultWidevineL3Phone Android Phone,00:04:51,Not latest view,KE (Kenya)
Netflix Member,2022-04-23 21:15:41,00:00:07,,"Devotion, a Story of Love and Desire: Season 1: Episode 1",,Android DefaultWidevineL3Phone Android Phone,00:00:07,Not latest view,KE (Kenya)
Netflix Member,2022-04-23 21:14:06,00:01:22,,"Season 1 Supporting Character Clip: Devotion, a Story of Love and Desire",HOOK,Android DefaultWidevineL3Phone Android Phone,00:01:22,00:01:22,KE (Kenya)
Netflix Member,2022-04-23 21:12:07,00:00:30,,"Season 1 Supporting Character Clip: Devotion, a Story of Love and Desire",HOOK,Android DefaultWidevineL3Phone Android Phone,00:00:05,Not latest view,KE (Kenya)
Netflix Member,2022-04-23 08:39:46,00:01:13,,Gypsy (Trailer),TRAILER,Android DefaultWidevineL3Phone Android Phone,00:01:13,00:01:13,KE (Kenya)
Netflix Member,2022-04-05 20:38:56,00:00:20,,Altered Carbon: Season 1_VAR2-RECIPE-2_EDITOR1,TEASER_TRAILER,Android DefaultWidevineL3Phone Android Phone,00:00:20,00:00:20,KE (Kenya)
Netflix Member,2022-04-02 07:49:59,00:07:52,,Xtreme,,Android DefaultWidevineL3Phone Android Phone,01:38:49,01:38:49,KE (Kenya)
Netflix Member,2022-04-02 07:28:34,00:20:53,,Xtreme,,Android DefaultWidevineL3Phone Android Phone,01:16:35,Not latest view,KE (Kenya)
Netflix Member,2022-04-02 07:22:31,00:05:36,,Xtreme,,Android DefaultWidevineL3Phone Android Phone,00:46:16,Not latest view,KE (Kenya)
Netflix Member,2022-04-02 06:53:55,00:27:14,,Xtreme,,Android DefaultWidevineL3Phone Android Phone,00:40:26,Not latest view,KE (Kenya)
Netflix Member,2022-04-02 06:50:03,00:00:01,,Xtreme,,Android DefaultWidevineL3Phone Android Phone,00:01:57,Not latest view,KE (Kenya)
Netflix Member,2022-04-02 06:49:26,00:00:32,,Trailer: Xtreme,TRAILER,Android DefaultWidevineL3Phone Android Phone,00:00:32,00:00:32,KE (Kenya)
Netflix Member,2022-04-02 06:33:04,00:05:16,,Xtreme,,Android DefaultWidevineL3Phone Android Phone,00:05:16,Not latest view,KE (Kenya)
Netflix Member,2022-03-29 10:44:10,00:00:04,,The Old Guard_VAR2-RECIPE-2_AGENCY2,TEASER_TRAILER,Android DefaultWidevineL3Phone Android Phone,00:00:04,00:00:04,KE (Kenya)
Netflix Member,2022-03-28 15:32:16,00:44:58,,Extraction,,Android DefaultWidevineL3Phone Android Phone,01:48:17,01:48:17,KE (Kenya)
Netflix Member,2022-03-28 15:32:03,00:00:08,,Trailer: Extraction,TRAILER,Android DefaultWidevineL3Phone Android Phone,00:00:08,00:00:08,KE (Kenya)
Netflix Member,2022-03-28 12:47:05,00:35:23,,Extraction,,Android DefaultWidevineL3Phone Android Phone,00:36:26,Not latest view,KE (Kenya)
Netflix Member,2022-03-28 12:44:13,00:02:44,,Trailer: Extraction,TRAILER,Android DefaultWidevineL3Phone Android Phone,00:02:44,Not latest view,KE (Kenya)
Netflix Member,2022-03-27 16:21:33,00:00:27,,Sex/Life: Season 1: Empire State of Mind (Episode 3),,Android DefaultWidevineL3Phone Android Phone,00:48:55,00:48:55,KE (Kenya)
Netflix Member,2022-03-27 16:02:56,00:16:21,,Sex/Life: Season 1: Empire State of Mind (Episode 3),,Android DefaultWidevineL3Phone Android Phone,00:47:28,Not latest view,KE (Kenya)
Netflix Member,2022-03-27 15:51:25,00:09:18,,Sex/Life: Season 1: Down in the Tube Station at Midnight (Episode 2),,Android DefaultWidevineL3Phone Android Phone,00:40:59,00:40:59,KE (Kenya)
Netflix Member,2022-03-27 15:21:59,00:29:01,,Sex/Life: Season 1: The Wives Are in Connecticut (Episode 1),,Android DefaultWidevineL3Phone Android Phone,00:42:29,00:42:29,KE (Kenya)
Netflix Member,2022-03-27 11:53:09,00:00:06,,Relatable Clip: The Principles of Pleasure: Limited Series,HOOK,Android DefaultWidevineL3Phone Android Phone,00:00:06,00:00:06,KE (Kenya)
Netflix Member,2022-03-27 11:52:42,00:00:18,,Season 1 Clip #3 (Love Triangle): Sex/Life,HOOK,Android DefaultWidevineL3Phone Android Phone,00:00:18,00:00:18,KE (Kenya)
Netflix Member,2022-03-27 11:07:49,00:43:27,,The Adam Project,,Android DefaultWidevineL3Phone Android Phone,01:14:59,01:14:59,KE (Kenya)
Netflix Member,2022-03-27 11:07:33,00:00:04,,Act 2 Conflict Clip: The Adam Project,HOOK,Android DefaultWidevineL3Phone Android Phone,00:00:04,00:00:04,KE (Kenya)
Netflix Member,2022-03-26 22:36:16,00:26:24,,"Young, Famous & African: Season 1: Wedding Bells (Episode 7)",,Android DefaultWidevineL3Phone Android Phone,00:50:25,00:50:25,KE (Kenya)
Netflix Member,2022-03-26 19:09:54,00:00:34,,"Young, Famous & African: Season 1: Wedding Bells (Episode 7)",,Android DefaultWidevineL3Phone Android Phone,00:00:55,Not latest view,KE (Kenya)
Netflix Member,2022-03-26 18:29:56,00:39:30,,"Young, Famous & African: Season 1: Murder on the Blue Train (Episode 6)",,Android DefaultWidevineL3Phone Android Phone,00:40:39,00:40:39,KE (Kenya)
Netflix Member,2022-03-26 18:11:48,00:00:54,,"Young, Famous & African: Season 1: Murder on the Blue Train (Episode 6)",,Android DefaultWidevineL3Phone Android Phone,00:01:23,Not latest view,KE (Kenya)
Netflix Member,2022-03-26 17:49:41,00:21:43,,"Young, Famous & African: Season 1: Faceoff (Episode 5)",,Android DefaultWidevineL3Phone Android Phone,00:41:32,00:41:32,KE (Kenya)
Netflix Member,2022-03-26 17:24:32,00:15:58,,"Young, Famous & African: Season 1: Faceoff (Episode 5)",,Android DefaultWidevineL3Phone Android Phone,00:16:15,Not latest view,KE (Kenya)
Netflix Member,2022-03-26 17:16:24,00:07:59,,"Young, Famous & African: Season 1: Bye, Bitch! (Episode 4)",,Android DefaultWidevineL3Phone Android Phone,00:30:44,00:30:44,KE (Kenya)
Netflix Member,2022-03-26 16:54:19,00:21:36,,"Young, Famous & African: Season 1: Bye, Bitch! (Episode 4)",,Android DefaultWidevineL3Phone Android Phone,00:22:49,Not latest view,KE (Kenya)
Netflix Member,2022-03-26 16:13:53,00:33:04,,"Young, Famous & African: Season 1: Love Is in the Air (Episode 3)",,Android DefaultWidevineL3Phone Android Phone,00:39:01,00:39:01,KE (Kenya)
Netflix Member,2022-03-26 13:44:32,00:40:11,,"Young, Famous & African: Season 1: The Newcomer (Episode 2)",,Android DefaultWidevineL3Phone Android Phone,00:40:57,00:40:57,KE (Kenya)
Netflix Member,2022-03-26 13:33:33,00:10:57,,"Young, Famous & African: Season 1: Welcome to South Africa (Episode 1)",,Android DefaultWidevineL3Phone Android Phone,00:43:00,00:43:00,KE (Kenya)
Netflix Member,2022-03-26 12:59:45,00:32:53,,"Young, Famous & African: Season 1: Welcome to South Africa (Episode 1)",,Android DefaultWidevineL3Phone Android Phone,00:32:57,Not latest view,KE (Kenya)
Netflix Member,2022-03-25 15:08:25,00:00:25,,"Season 1 Trailer: Young, Famous & African",TRAILER,Android DefaultWidevineL3Phone Android Phone,00:00:24,00:00:24,KE (Kenya)
Netflix Member,2022-03-25 15:07:58,00:00:09,,"Season 1 Trailer: Young, Famous & African",TRAILER,Android DefaultWidevineL3Phone Android Phone,00:00:09,Not latest view,KE (Kenya)
Netflix Member,2022-03-20 19:51:52,00:00:07,,"Young, Famous & African: Season 1: Welcome to South Africa (Episode 1)",,Android DefaultWidevineL3Phone Android Phone,00:00:07,Not latest view,KE (Kenya)
Netflix Member,2022-03-09 13:39:34,00:00:05,,"Season 1 High Context Clip: Young, Famous & African",HOOK,Android DefaultWidevineL3Phone Android Phone,00:00:05,00:00:05,KE (Kenya)
Netflix Member,2022-03-09 12:10:37,00:00:07,,Part 1 Trailer: Lupin,TRAILER,Android DefaultWidevineL3Phone Android Phone,00:00:07,00:00:07,KE (Kenya)
Netflix Member,2022-03-09 09:34:39,00:00:15,,Season 1 Trailer: Get Even,TRAILER,Android DefaultWidevineL3Phone Android Phone,00:00:15,00:00:15,KE (Kenya)
Netflix Member,2022-03-09 09:34:05,00:00:15,,Fate: The Winx Saga: Season 1 (CUF Trailer ),TRAILER,Android DefaultWidevineL3Phone Android Phone,00:00:15,00:00:15,KE (Kenya)
Netflix Member,2022-03-09 09:31:31,00:00:37,,Season 1 Bonus Video 6: Warrior Nun,HOOK,Android DefaultWidevineL3Phone Android Phone,00:00:37,00:00:37,KE (Kenya)
Netflix Member,2022-03-09 09:30:02,00:00:09,,Inciting Incident Clip: A Madea Homecoming,HOOK,Android DefaultWidevineL3Phone Android Phone,00:00:09,00:00:09,KE (Kenya)
Netflix Member,2022-03-09 09:27:32,00:01:52,,Bright (Trailer),TRAILER,Android DefaultWidevineL3Phone Android Phone,00:01:52,00:01:52,KE (Kenya)
Netflix Member,2022-03-03 07:32:09,00:00:09,,The Old Guard_VAR2-CLIP_CHARACTER,HOOK,Android DefaultWidevineL3Phone Android Phone,00:00:08,00:00:08,KE (Kenya)
Netflix Member,2022-02-25 10:31:06,00:00:12,,Trailer: A Madea Homecoming,TRAILER,Android DefaultWidevineL3Phone Android Phone,00:00:12,00:00:12,KE (Kenya)
Netflix Member,2022-02-21 12:59:01,00:00:07,,Season 1 Teaser: Barbarians,TEASER_TRAILER,Android DefaultWidevineL3Phone Android Phone,00:00:07,00:00:07,KE (Kenya)
Netflix Member,2022-02-21 12:56:27,00:00:17,,The Protector: Season 1 (Trailer),TRAILER,Android DefaultWidevineL3Phone Android Phone,00:00:17,00:00:17,KE (Kenya)
Netflix Member,2022-02-21 12:55:56,00:00:08,,Part 1 Trailer: Lupin,TRAILER,Android DefaultWidevineL3Phone Android Phone,00:00:08,Not latest view,KE (Kenya)
Netflix Member,2022-02-21 12:54:16,00:01:26,,Season 1 Trailer: In From the Cold,TRAILER,Android DefaultWidevineL3Phone Android Phone,00:01:26,00:01:26,KE (Kenya)
Netflix Member,2022-02-21 12:45:57,00:01:16,,Trailer: 6 Underground,TRAILER,Android DefaultWidevineL3Phone Android Phone,00:01:16,00:01:16,KE (Kenya)
Netflix Member,2022-02-21 12:45:22,00:00:19,,The Old Guard_VAR2-CLIP_CHARACTER,HOOK,Android DefaultWidevineL3Phone Android Phone,00:00:18,Not latest view,KE (Kenya)
Netflix Member,2022-02-21 12:41:31,00:00:57,,Supporting Character Clip: Fistful of Vengeance,HOOK,Android DefaultWidevineL3Phone Android Phone,00:00:57,00:00:57,KE (Kenya)
Netflix Member,2022-02-21 12:41:04,00:00:05,,Shaft (Trailer),TRAILER,Android DefaultWidevineL3Phone Android Phone,00:00:05,00:00:05,KE (Kenya)
Netflix Member,2022-02-19 10:47:29,00:00:04,,The Old Guard_VAR2-CLIP_CHARACTER,HOOK,Android DefaultWidevineL3Phone Android Phone,00:00:04,Not latest view,KE (Kenya)
Netflix Member,2022-02-19 10:47:02,00:00:19,,Project Power_VAR2-RECIPE-2_AGENCY1,TEASER_TRAILER,Android DefaultWidevineL3Phone Android Phone,00:00:19,00:00:19,KE (Kenya)
Netflix Member,2022-02-17 14:13:26,00:00:23,,Season 1 Genre Specific Moment Clip: Fishbowl Wives,HOOK,Android DefaultWidevineL3Phone Android Phone,00:00:23,00:00:23,KE (Kenya)
Netflix Member,2022-02-17 14:12:52,00:00:04,,Sex/Life: Season 1: The Wives Are in Connecticut (Episode 1),,Android DefaultWidevineL3Phone Android Phone,00:00:03,Not latest view,KE (Kenya)
Netflix Member,2022-02-17 14:12:05,00:00:36,,Season 1 Clip #3 (Love Triangle): Sex/Life,HOOK,Android DefaultWidevineL3Phone Android Phone,00:00:36,Not latest view,KE (Kenya)
Netflix Member,2022-02-17 14:10:36,00:00:39,,Trailer: Love Hard,TRAILER,Android DefaultWidevineL3Phone Android Phone,00:00:39,00:00:39,KE (Kenya)
Netflix Member,2022-02-17 14:10:06,00:00:06,,To All the Boys I’ve Loved Before (Trailer),PROMOTIONAL,Android DefaultWidevineL3Phone Android Phone,00:00:06,00:00:06,KE (Kenya)
Netflix Member,2022-02-17 14:09:44,00:00:04,,Main Character Intro Clip: Sex Education: Season 3,HOOK,Android DefaultWidevineL3Phone Android Phone,00:00:04,00:00:04,KE (Kenya)
Netflix Member,2022-02-17 14:08:56,00:00:19,,Season 2 Teaser 2: Blood & Water,TEASER_TRAILER,Android DefaultWidevineL3Phone Android Phone,00:00:18,00:00:18,KE (Kenya)
Netflix Member,2022-02-17 14:08:40,00:00:07,,Genre Specific Moment Clip: Red Notice,HOOK,Android DefaultWidevineL3Phone Android Phone,00:00:07,00:00:07,KE (Kenya)
Netflix Member,2022-02-16 14:56:48,00:00:31,,Trailer: A Madea Homecoming,TRAILER,Android DefaultWidevineL3Phone Android Phone,00:00:31,Not latest view,KE (Kenya)
Netflix Member,2022-02-16 14:47:09,00:00:11,,Trailer: 6 Underground,TRAILER,Android DefaultWidevineL3Phone Android Phone,00:00:11,Not latest view,KE (Kenya)
Netflix Member,2022-02-16 14:44:18,00:00:06,,Shaft (Trailer),TRAILER,Android DefaultWidevineL3Phone Android Phone,00:00:06,Not latest view,KE (Kenya)
Netflix Member,2022-02-16 14:43:49,00:00:19,,Trailer: 6 Underground,TRAILER,Android DefaultWidevineL3Phone Android Phone,00:00:19,Not latest view,KE (Kenya)
Netflix Member,2022-02-08 07:30:53,00:00:23,,Trailer: 6 Underground,TRAILER,Android DefaultWidevineL3Phone Android Phone,00:00:23,Not latest view,KE (Kenya)
